"id","word","jyutping","meaning","english","example","sentenceJyutping","translation","sentenceEnglish","category","difficulty","level","femaleAudio","maleAudio","femaleSentenceAudio","maleSentenceAudio"
"1","你好","nei5 hou2","你好","hello","你好，好耐冇見。","","你好，很久不见。","Hello, long time no see.","问候与礼貌","1","入门","001-female.mp3","001-male.mp3","",""
"2","早晨","zou2 san4","早上好","good morning","早晨，你今日好嗎？","","早上好，你今天好吗？","Good morning. How are you today?","问候与礼貌","1","入门","002-female.mp3","002-male.mp3","",""
"3","唔該","m4 goi1","请；谢谢（劳务）","please; thank you (for a service)","唔該俾杯水我。","","请给我一杯水。","Please give me a glass of water.","问候与礼貌","1","入门","003-female.mp3","003-male.mp3","",""
"4","多謝","do1 ze6","谢谢（礼物或帮助）","thank you (for a gift or help)","多謝你幫我。","","谢谢你帮助我。","Thank you for helping me.","问候与礼貌","1","入门","004-female.mp3","004-male.mp3","",""
"5","對唔住","deoi3 m4 zyu6","对不起","sorry","對唔住，我遲到。","","对不起，我迟到了。","Sorry, I am late.","问候与礼貌","1","入门","005-female.mp3","005-male.mp3","",""
"6","冇問題","mou5 man6 tai4","没问题","no problem","冇問題，我可以幫你。","","没问题，我可以帮你。","No problem. I can help you.","问候与礼貌","1","入门","006-female.mp3","006-male.mp3","",""
"7","再見","zoi3 gin3","再见","goodbye","我哋聽日再見。","","我们明天再见。","See you tomorrow.","问候与礼貌","1","入门","007-female.mp3","007-male.mp3","",""
"8","拜拜","baai1 baai3","拜拜","bye-bye","好啦，拜拜。","","好了，拜拜。","All right, bye-bye.","问候与礼貌","1","入门","008-female.mp3","008-male.mp3","",""
"9","係","hai6","是","to be; yes","我係香港人。","","我是香港人。","I am from Hong Kong.","日常交流","1","入门","009-female.mp3","009-male.mp3","",""
"10","唔係","m4 hai6","不是","not; no","呢個唔係我嘅。","","这个不是我的。","This is not mine.","日常交流","1","入门","010-female.mp3","010-male.mp3","",""
"11","有","jau5","有","to have; there is","我有時間。","","我有时间。","I have time.","日常交流","1","入门","011-female.mp3","011-male.mp3","",""
"12","冇","mou5","没有","not have; there isn't","我今日冇時間。","","我今天没有时间。","I do not have time today.","日常交流","1","入门","012-female.mp3","012-male.mp3","",""
"13","唔知","m4 zi1","不知道","don't know","我唔知佢喺邊度。","","我不知道他在哪里。","I don't know where he is.","日常交流","1","入门","013-female.mp3","013-male.mp3","",""
"14","明白","ming4 baak6","明白","understand","我明白你嘅意思。","","我明白你的意思。","I understand what you mean.","日常交流","1","入门","014-female.mp3","014-male.mp3","",""
"15","等陣","dang2 zan6","等一下","wait a moment","你等陣先。","","你先等一下。","Wait a moment.","日常交流","1","入门","015-female.mp3","015-male.mp3","",""
"16","幫手","bong1 sau2","帮忙","to help","你可唔可以幫手？","","你可以帮忙吗？","Can you help?","日常交流","1","入门","016-female.mp3","016-male.mp3","",""
"17","食飯","sik6 faan6","吃饭","eat; have a meal","我哋一齊去食飯啦。","","我们一起去吃饭吧。","Let's go eat together.","饮食","1","入门","017-female.mp3","017-male.mp3","",""
"18","飲水","jam2 seoi2","喝水","drink water","記得飲多啲水。","","记得多喝水。","Remember to drink more water.","饮食","1","入门","018-female.mp3","018-male.mp3","",""
"19","好食","hou2 sik6","好吃","delicious; tasty","呢碗麵好好食。","","这碗面很好吃。","This bowl of noodles is delicious.","饮食","1","入门","019-female.mp3","019-male.mp3","",""
"20","餐廳","caan1 teng1","餐厅","restaurant","嗰間餐廳喺前面。","","那家餐厅在前面。","The restaurant is ahead.","饮食","1","入门","020-female.mp3","020-male.mp3","",""
"21","埋單","maai4 daan1","结账","pay the bill","唔該，埋單。","","麻烦结账。","The bill, please.","饮食","1","入门","021-female.mp3","021-male.mp3","",""
"22","幾多錢","gei2 do1 cin2","多少钱","how much","呢個幾多錢？","","这个多少钱？","How much is this?","饮食","1","入门","022-female.mp3","022-male.mp3","",""
"23","一杯","jat1 bui1","一杯","a cup; a glass","我要一杯奶茶。","","我要一杯奶茶。","I would like a cup of milk tea.","饮食","1","入门","023-female.mp3","023-male.mp3","",""
"24","屋企","uk1 kei2","家","home","我而家返屋企。","","我现在回家。","I am going home now.","时间与地点","1","入门","024-female.mp3","024-male.mp3","",""
"25","洗手間","sai2 sau2 gaan1","洗手间","restroom; washroom","洗手間喺邊度？","","洗手间在哪里？","Where is the restroom?","时间与地点","1","入门","025-female.mp3","025-male.mp3","",""
"26","邊度","bin1 dou6","哪里","where","你想去邊度？","","你想去哪里？","Where do you want to go?","时间与地点","1","入门","026-female.mp3","026-male.mp3","",""
"27","今日","gam1 jat6","今天","today","今日天氣幾好。","","今天天气不错。","The weather is quite nice today.","时间与地点","1","入门","027-female.mp3","027-male.mp3","",""
"28","聽日","ting1 jat6","明天","tomorrow","我哋聽日見。","","我们明天见。","See you tomorrow.","时间与地点","1","入门","028-female.mp3","028-male.mp3","",""
"29","而家","ji4 gaa1","现在","now","你而家得唔得閒？","","你现在有空吗？","Are you free now?","时间与地点","1","入门","029-female.mp3","029-male.mp3","",""
"30","幾點","gei2 dim2","几点","what time","而家幾點？","","现在几点？","What time is it now?","时间与地点","1","入门","030-female.mp3","030-male.mp3","",""
"31","歡迎","fun1 jing4","欢迎","welcome","歡迎你嚟香港。","","欢迎你来香港。","Welcome to Hong Kong.","问候与礼貌","1","入门","031-female.mp3","031-male.mp3","",""
"32","唔使客氣","m4 sai2 haak3 hei3","不用客气","you're welcome","唔使客氣，大家朋友。","","不用客气，大家是朋友。","You're welcome. We are friends.","问候与礼貌","1","入门","032-female.mp3","032-male.mp3","",""
"33","可以","ho2 ji5","可以","can; may","我可以坐呢度嗎？","","我可以坐这里吗？","May I sit here?","日常交流","1","入门","033-female.mp3","033-male.mp3","",""
"34","得","dak1","可以；行","okay; can do","聽日三點得唔得？","","明天三点可以吗？","Is three tomorrow okay?","日常交流","1","入门","034-female.mp3","034-male.mp3","",""
"35","早餐","zou2 caan1","早餐","breakfast","我朝早食早餐。","","我早上吃早餐。","I eat breakfast in the morning.","饮食","1","入门","035-female.mp3","035-male.mp3","",""
"36","茶","caa4","茶","tea","我想飲杯茶。","","我想喝一杯茶。","I would like a cup of tea.","饮食","1","入门","036-female.mp3","036-male.mp3","",""
"37","咖啡","gaa3 fe1","咖啡","coffee","呢杯咖啡好香。","","这杯咖啡很香。","This coffee smells wonderful.","饮食","1","入门","037-female.mp3","037-male.mp3","",""
"38","尋日","cam4 jat6","昨天","yesterday","我尋日冇返工。","","我昨天没有上班。","I did not go to work yesterday.","时间与地点","1","入门","038-female.mp3","038-male.mp3","",""
"39","朝早","ziu1 zou2","早上","morning","我朝早七點起身。","","我早上七点起床。","I get up at seven in the morning.","时间与地点","1","入门","039-female.mp3","039-male.mp3","",""
"40","夜晚","je6 maan5","晚上","evening; night","夜晚天氣比較涼。","","晚上天气比较凉。","The weather is cooler at night.","时间与地点","1","入门","040-female.mp3","040-male.mp3","",""
"41","爸爸","baa4 baa1","爸爸","father; dad","我爸爸鍾意飲茶。","","我爸爸喜欢喝茶。","My dad likes drinking tea.","家庭与人物","1","入门","041-female.mp3","041-male.mp3","",""
"42","媽媽","maa4 maa1","妈妈","mother; mom","我媽媽今日放假。","","我妈妈今天休假。","My mom is off today.","家庭与人物","1","入门","042-female.mp3","042-male.mp3","",""
"43","哥哥","go1 go1","哥哥","older brother","我哥哥高過我。","","我哥哥比我高。","My older brother is taller than me.","家庭与人物","1","入门","043-female.mp3","043-male.mp3","",""
"44","家姐","gaa1 ze1","姐姐","older sister","我家姐喺餐廳做嘢。","","我姐姐在餐厅工作。","My older sister works in a restaurant.","家庭与人物","1","入门","044-female.mp3","044-male.mp3","",""
"45","細佬","sai3 lou2","弟弟","younger brother","我細佬仲讀緊書。","","我弟弟还在读书。","My younger brother is still studying.","家庭与人物","1","入门","045-female.mp3","045-male.mp3","",""
"46","細妹","sai3 mui2","妹妹","younger sister","我細妹好鍾意唱歌。","","我妹妹很喜欢唱歌。","My younger sister loves singing.","家庭与人物","1","入门","046-female.mp3","046-male.mp3","",""
"47","朋友","pang4 jau5","朋友","friend","佢係我嘅好朋友。","","他是我的好朋友。","He is my good friend.","家庭与人物","1","入门","047-female.mp3","047-male.mp3","",""
"48","老師","lou5 si1","老师","teacher","老師講得好清楚。","","老师讲得很清楚。","The teacher explains things clearly.","家庭与人物","1","入门","048-female.mp3","048-male.mp3","",""
"49","同學","tung4 hok6","同学","classmate","我同同學一齊溫書。","","我和同学一起复习。","I study with my classmate.","家庭与人物","1","入门","049-female.mp3","049-male.mp3","",""
"50","小朋友","siu2 pang4 jau5","小朋友","child; kid","嗰個小朋友好可愛。","","那个小朋友很可爱。","That child is very cute.","家庭与人物","1","入门","050-female.mp3","050-male.mp3","",""
"51","一","jat1","一","one","我要一杯水。","","我要一杯水。","I want one glass of water.","数字与数量","1","入门","051-female.mp3","051-male.mp3","",""
"52","二","ji6","二","two","我有兩個朋友。","","我有两个朋友。","I have two friends.","数字与数量","1","入门","052-female.mp3","052-male.mp3","",""
"53","三","saam1","三","three","我買咗三個麵包。","","我买了三个面包。","I bought three loaves of bread.","数字与数量","1","入门","053-female.mp3","053-male.mp3","",""
"54","四","sei3","四","four","張枱有四張凳。","","桌子旁有四把椅子。","There are four chairs at the table.","数字与数量","1","入门","054-female.mp3","054-male.mp3","",""
"55","五","ng5","五","five","我五點放工。","","我五点下班。","I finish work at five.","数字与数量","1","入门","055-female.mp3","055-male.mp3","",""
"56","十","sap6","十","ten","呢度有十個人。","","这里有十个人。","There are ten people here.","数字与数量","1","入门","056-female.mp3","056-male.mp3","",""
"57","百","baak3","百","hundred","呢件衫一百蚊。","","这件衣服一百元。","This shirt costs one hundred dollars.","数字与数量","1","入门","057-female.mp3","057-male.mp3","",""
"58","多","do1","多","many; much","今日好多人。","","今天有很多人。","There are many people today.","数字与数量","1","入门","058-female.mp3","058-male.mp3","",""
"59","少","siu2","少","few; little","落少啲糖，唔該。","","请少放一点糖。","Please use less sugar.","数字与数量","1","入门","059-female.mp3","059-male.mp3","",""
"60","全部","cyun4 bou6","全部","all; everything","我全部都要。","","我全部都要。","I want all of them.","数字与数量","1","入门","060-female.mp3","060-male.mp3","",""
"61","買","maai5","买","buy","我想買件衫。","","我想买一件衣服。","I want to buy a shirt.","购物","1","入门","061-female.mp3","061-male.mp3","",""
"62","賣","maai6","卖","sell","呢間舖頭賣生果。","","这家店卖水果。","This shop sells fruit.","购物","1","入门","062-female.mp3","062-male.mp3","",""
"63","平","peng4","便宜","cheap; inexpensive","呢個幾平喎。","","这个很便宜。","This is quite cheap.","购物","1","入门","063-female.mp3","063-male.mp3","",""
"64","貴","gwai3","贵","expensive","嗰對鞋太貴。","","那双鞋太贵了。","Those shoes are too expensive.","购物","1","入门","064-female.mp3","064-male.mp3","",""
"65","大","daai6","大","big; large","我要大杯。","","我要大杯的。","I want the large size.","购物","1","入门","065-female.mp3","065-male.mp3","",""
"66","細","sai3","小","small","有冇細一個碼？","","有小一号的吗？","Do you have a smaller size?","购物","1","入门","066-female.mp3","066-male.mp3","",""
"67","呢個","ni1 go3","这个","this one","呢個係我嘅。","","这个是我的。","This one is mine.","购物","1","入门","067-female.mp3","067-male.mp3","",""
"68","嗰個","go2 go3","那个","that one","我想睇嗰個。","","我想看那个。","I want to see that one.","购物","1","入门","068-female.mp3","068-male.mp3","",""
"69","要","jiu3","要","want; need","我要兩個。","","我要两个。","I want two.","购物","1","入门","069-female.mp3","069-male.mp3","",""
"70","唔要","m4 jiu3","不要","do not want","膠袋唔要啦。","","不要塑料袋了。","I do not need a plastic bag.","购物","1","入门","070-female.mp3","070-male.mp3","",""
"71","巴士","baa1 si2","公共汽车","bus","我搭巴士返工。","","我坐公交车上班。","I take the bus to work.","交通","1","入门","071-female.mp3","071-male.mp3","",""
"72","港鐵","gong2 tit3","港铁","MTR; metro","搭港鐵快啲。","","坐港铁快一点。","The MTR is faster.","交通","1","入门","072-female.mp3","072-male.mp3","",""
"73","的士","dik1 si2","出租车","taxi","我哋搭的士去。","","我们坐出租车去。","Let's go by taxi.","交通","1","入门","073-female.mp3","073-male.mp3","",""
"74","車","ce1","车","car; vehicle","架車喺出面。","","车在外面。","The car is outside.","交通","1","入门","074-female.mp3","074-male.mp3","",""
"75","站","zaam6","站","station; stop","下一站落車。","","下一站下车。","Get off at the next stop.","交通","1","入门","075-female.mp3","075-male.mp3","",""
"76","上車","soeng5 ce1","上车","get on","快啲上車啦。","","快点上车吧。","Get on quickly.","交通","1","入门","076-female.mp3","076-male.mp3","",""
"77","落車","lok6 ce1","下车","get off","我喺前面落車。","","我在前面下车。","I will get off ahead.","交通","1","入门","077-female.mp3","077-male.mp3","",""
"78","行路","haang4 lou6","走路","walk","我每日行路返屋企。","","我每天走路回家。","I walk home every day.","交通","1","入门","078-female.mp3","078-male.mp3","",""
"79","左邊","zo2 bin1","左边","left side","洗手間喺左邊。","","洗手间在左边。","The restroom is on the left.","交通","1","入门","079-female.mp3","079-male.mp3","",""
"80","右邊","jau6 bin1","右边","right side","餐廳喺右邊。","","餐厅在右边。","The restaurant is on the right.","交通","1","入门","080-female.mp3","080-male.mp3","",""
"81","頭","tau4","头","head","我個頭有啲痛。","","我的头有点痛。","My head hurts a little.","健康与身体","1","入门","081-female.mp3","081-male.mp3","",""
"82","手","sau2","手","hand","記得洗手。","","记得洗手。","Remember to wash your hands.","健康与身体","1","入门","082-female.mp3","082-male.mp3","",""
"83","眼","ngaan5","眼睛","eye","我隻眼唔舒服。","","我的眼睛不舒服。","My eye feels uncomfortable.","健康与身体","1","入门","083-female.mp3","083-male.mp3","",""
"84","痛","tung3","痛","hurt; painful","你邊度痛？","","你哪里痛？","Where does it hurt?","健康与身体","1","入门","084-female.mp3","084-male.mp3","",""
"85","唔舒服","m4 syu1 fuk6","不舒服","feel unwell","我今日有啲唔舒服。","","我今天有点不舒服。","I feel a little unwell today.","健康与身体","1","入门","085-female.mp3","085-male.mp3","",""
"86","醫生","ji1 sang1","医生","doctor","我想睇醫生。","","我想看医生。","I want to see a doctor.","健康与身体","1","入门","086-female.mp3","086-male.mp3","",""
"87","醫院","ji1 jyun2","医院","hospital","醫院喺前面。","","医院在前面。","The hospital is ahead.","健康与身体","1","入门","087-female.mp3","087-male.mp3","",""
"88","藥","joek6","药","medicine","記得準時食藥。","","记得按时吃药。","Remember to take your medicine on time.","健康与身体","1","入门","088-female.mp3","088-male.mp3","",""
"89","休息","jau1 sik1","休息","rest","你要休息多啲。","","你要多休息。","You need more rest.","健康与身体","1","入门","089-female.mp3","089-male.mp3","",""
"90","小心","siu2 sam1","小心","be careful","落雨路滑，小心啲。","","下雨路滑，小心一点。","The road is slippery. Be careful.","健康与身体","1","入门","090-female.mp3","090-male.mp3","",""
"91","天氣","tin1 hei3","天气","weather","今日天氣幾好。","","今天天气不错。","The weather is quite nice today.","天气与感受","1","入门","091-female.mp3","091-male.mp3","",""
"92","熱","jit6","热","hot","今日真係好熱。","","今天真的很热。","It is really hot today.","天气与感受","1","入门","092-female.mp3","092-male.mp3","",""
"93","凍","dung3","冷","cold","出面好凍。","","外面很冷。","It is cold outside.","天气与感受","1","入门","093-female.mp3","093-male.mp3","",""
"94","落雨","lok6 jyu5","下雨","rain","出面落緊雨。","","外面正在下雨。","It is raining outside.","天气与感受","1","入门","094-female.mp3","094-male.mp3","",""
"95","開心","hoi1 sam1","开心","happy","見到你好開心。","","见到你很开心。","I am happy to see you.","天气与感受","1","入门","095-female.mp3","095-male.mp3","",""
"96","唔開心","m4 hoi1 sam1","不开心","unhappy","佢今日有啲唔開心。","","他今天有点不开心。","He is a little unhappy today.","天气与感受","1","入门","096-female.mp3","096-male.mp3","",""
"97","攰","gui6","累","tired","我行到好攰。","","我走得很累。","I am tired from walking.","天气与感受","1","入门","097-female.mp3","097-male.mp3","",""
"98","驚","geng1","害怕","afraid; scared","唔使驚。","","不用害怕。","Do not be afraid.","天气与感受","1","入门","098-female.mp3","098-male.mp3","",""
"99","鍾意","zung1 ji3","喜欢","like","我鍾意食點心。","","我喜欢吃点心。","I like eating dim sum.","天气与感受","1","入门","099-female.mp3","099-male.mp3","",""
"100","唔鍾意","m4 zung1 ji3","不喜欢","dislike","我唔鍾意落雨。","","我不喜欢下雨。","I do not like rainy weather.","天气与感受","1","入门","100-female.mp3","100-male.mp3","",""
"101","返工","faan1 gung1","上班","go to work","我每日搭港鐵返工。","ngo5 mui5 jat6 daap3 gong2 tit3 faan1 gung1","我每天坐港铁上班。","I take the MTR to work every day.","工作与学习","2","初级","101-female.mp3","101-male.mp3","101-sentence-female.mp3","101-sentence-male.mp3"
"102","放工","fong3 gung1","下班","finish work","放工時間港鐵好多人。","fong3 gung1 si4 gaan3 gong2 tit3 hou2 do1 jan4","下班时间港铁有很多人。","The MTR is very crowded after work.","工作与学习","2","初级","102-female.mp3","102-male.mp3","102-sentence-female.mp3","102-sentence-male.mp3"
"103","開會","hoi1 wui2","开会","have a meeting","我喺中環開完會先去食飯。","ngo5 hai2 zung1 waan4 hoi1 jyun4 wui2 sin1 heoi3 sik6 faan6","我在中环开完会才去吃饭。","I will eat after my meeting in Central.","工作与学习","2","初级","103-female.mp3","103-male.mp3","103-sentence-female.mp3","103-sentence-male.mp3"
"104","公司","gung1 si1","公司","company","間公司喺觀塘一座工廈入面。","gaan1 gung1 si1 hai2 gun1 tong4 jat1 zo6 gung1 haa6 jap6 min6","那家公司在观塘一座工业大厦里。","The company is in an industrial building in Kwun Tong.","工作与学习","2","初级","104-female.mp3","104-male.mp3","104-sentence-female.mp3","104-sentence-male.mp3"
"105","辦公室","baan6 gung1 sat1","办公室","office","辦公室望到維港。","baan6 gung1 sat1 mong6 dou2 wai4 gong2","从办公室可以看到维港。","The office overlooks Victoria Harbour.","工作与学习","2","初级","105-female.mp3","105-male.mp3","105-sentence-female.mp3","105-sentence-male.mp3"
"106","功課","gung1 fo3","作业","homework","我去自修室做功課。","ngo5 heoi3 zi6 sau1 sat1 zou6 gung1 fo3","我去自习室做作业。","I go to the study room to do my homework.","工作与学习","2","初级","106-female.mp3","106-male.mp3","106-sentence-female.mp3","106-sentence-male.mp3"
"107","考試","haau2 si3","考试","exam","考試之前我去圖書館溫書。","haau2 si3 zi1 cin4 ngo5 heoi3 tou4 syu1 gun2 wan1 syu1","考试前我去图书馆复习。","I study at the library before the exam.","工作与学习","2","初级","107-female.mp3","107-male.mp3","107-sentence-female.mp3","107-sentence-male.mp3"
"108","溫書","wan1 syu1","复习","study; revise","我哋去圖書館溫書啦。","ngo5 dei6 heoi3 tou4 syu1 gun2 wan1 syu1 laa1","我们去图书馆复习吧。","Let’s study at the library.","工作与学习","2","初级","108-female.mp3","108-male.mp3","108-sentence-female.mp3","108-sentence-male.mp3"
"109","問題","man6 tai4","问题","question; problem","張八達通有問題，入唔到閘。","zoeng1 baat3 daat6 tung1 jau5 man6 tai4 jap6 m4 dou2 zaap6","这张八达通有问题，进不了闸。","There is a problem with the Octopus card, so it cannot pass the gate.","工作与学习","2","初级","109-female.mp3","109-male.mp3","109-sentence-female.mp3","109-sentence-male.mp3"
"110","答案","daap3 on3","答案","answer","老師喺課堂度講咗答案。","lou5 si1 hai2 fo3 tong4 dou6 gong2 zo2 daap3 on3","老师在课堂上讲了答案。","The teacher gave the answer in class.","工作与学习","2","初级","110-female.mp3","110-male.mp3","110-sentence-female.mp3","110-sentence-male.mp3"
"111","起身","hei2 san1","起床","get up","我一早起身去茶餐廳食早餐。","ngo5 jat1 zou2 hei2 san1 heoi3 caa4 caan1 teng1 sik6 zou2 caan1","我一早起床去茶餐厅吃早餐。","I get up early and have breakfast at a cha chaan teng.","居家生活","2","初级","111-female.mp3","111-male.mp3","111-sentence-female.mp3","111-sentence-male.mp3"
"112","瞓覺","fan3 gaau3","睡觉","sleep","出面仲好嘈，我瞓唔到覺。","ceot1 min6 zung6 hou2 cou4 ngo5 fan3 m4 dou2 gaau3","外面还很吵，我睡不着。","It is still noisy outside, so I cannot sleep.","居家生活","2","初级","112-female.mp3","112-male.mp3","112-sentence-female.mp3","112-sentence-male.mp3"
"113","沖涼","cung1 loeng4","洗澡","take a shower","行完山成身汗，要快啲沖涼。","haang4 jyun4 saan1 seng4 san1 hon6 jiu3 faai3 di1 cung1 loeng4","爬完山全身是汗，要赶快洗澡。","I am sweaty after hiking, so I need a quick shower.","居家生活","2","初级","113-female.mp3","113-male.mp3","113-sentence-female.mp3","113-sentence-male.mp3"
"114","洗衫","sai2 saam1","洗衣服","do laundry","今日落雨，洗完衫好難乾。","gam1 jat6 lok6 jyu5 sai2 jyun4 saam1 hou2 naan4 gon1","今天下雨，洗完的衣服很难干。","It is rainy today, so the laundry is hard to dry.","居家生活","2","初级","114-female.mp3","114-male.mp3","114-sentence-female.mp3","114-sentence-male.mp3"
"115","煮飯","zyu2 faan6","做饭","cook","街市啲餸好新鮮，我買返去煮飯。","gaai1 si5 di1 sung3 hou2 san1 sin1 ngo5 maai5 faan1 heoi3 zyu2 faan6","街市的菜很新鲜，我买回去做饭。","The produce at the wet market is fresh, so I will buy some to cook.","居家生活","2","初级","115-female.mp3","115-male.mp3","115-sentence-female.mp3","115-sentence-male.mp3"
"116","清潔","cing1 git3","清洁","clean","大廈聽朝會清潔水缸。","daai6 haa6 ting1 ziu1 wui5 cing1 git3 seoi2 gong1","大厦明早会清洁水箱。","The building will clean its water tank tomorrow morning.","居家生活","2","初级","116-female.mp3","116-male.mp3","116-sentence-female.mp3","116-sentence-male.mp3"
"117","開門","hoi1 mun4","开门","open the door","港鐵一開門，大家先落後上。","gong2 tit3 jat1 hoi1 mun4 daai6 gaa1 sin1 lok6 hau6 soeng5","港铁一开门，大家先下后上。","When the MTR doors open, let passengers exit before boarding.","居家生活","2","初级","117-female.mp3","117-male.mp3","117-sentence-female.mp3","117-sentence-male.mp3"
"118","關門","gwaan1 mun4","关门","close the door","小巴就嚟開車，麻煩關門。","siu2 baa1 zau6 lai4 hoi1 ce1 maa4 faan4 gwaan1 mun4","小巴快开车了，麻烦关门。","The minibus is about to leave; please close the door.","居家生活","2","初级","118-female.mp3","118-male.mp3","118-sentence-female.mp3","118-sentence-male.mp3"
"119","雪櫃","syut3 gwai6","冰箱","refrigerator","食唔晒嘅外賣要放入雪櫃。","sik6 m4 saai3 ge3 ngoi6 maai6 jiu3 fong3 jap6 syut3 gwai6","吃不完的外卖要放进冰箱。","Put the leftover takeaway food in the refrigerator.","居家生活","2","初级","119-female.mp3","119-male.mp3","119-sentence-female.mp3","119-sentence-male.mp3"
"120","冷氣","laang5 hei3","空调","air conditioning","商場啲冷氣凍到要着外套。","soeng1 coeng4 di1 laang5 hei3 dung3 dou3 jiu3 zoek3 ngoi6 tou3","商场的空调冷得要穿外套。","The mall’s air conditioning is so cold that you need a jacket.","居家生活","2","初级","120-female.mp3","120-male.mp3","120-sentence-female.mp3","120-sentence-male.mp3"
"121","點心","dim2 sam1","点心","dim sum","我哋去酒樓叫幾籠點心。","ngo5 dei6 heoi3 zau2 lau4 giu3 gei2 lung4 dim2 sam1","我们去酒楼点几笼点心。","Let’s order a few baskets of dim sum at the restaurant.","餐饮进阶","2","初级","121-female.mp3","121-male.mp3","121-sentence-female.mp3","121-sentence-male.mp3"
"122","奶茶","naai5 caa4","奶茶","milk tea","唔該，一杯凍奶茶，少甜。","m4 goi1 jat1 bui1 dung3 naai5 caa4 siu2 tim4","麻烦来一杯冻奶茶，少甜。","One iced milk tea with less sugar, please.","餐饮进阶","2","初级","122-female.mp3","122-male.mp3","122-sentence-female.mp3","122-sentence-male.mp3"
"123","菠蘿包","bo1 lo4 baau1","菠萝包","pineapple bun","我要一個熱辣辣嘅菠蘿油。","ngo5 jiu3 jat1 go3 jit6 laat6 laat6 ge3 bo1 lo4 jau4","我要一个热腾腾的菠萝油。","I would like a hot pineapple bun with butter.","餐饮进阶","2","初级","123-female.mp3","123-male.mp3","123-sentence-female.mp3","123-sentence-male.mp3"
"124","飯","faan6","饭；米饭","rice; meal","碟頭飯包一杯飲品。","dip6 tau4 faan6 baau1 jat1 bui1 jam2 ban2","碟头饭包含一杯饮料。","The rice plate comes with a drink.","餐饮进阶","2","初级","124-female.mp3","124-male.mp3","124-sentence-female.mp3","124-sentence-male.mp3"
"125","麵","min6","面条","noodles","唔該，雲吞麵走葱。","m4 goi1 wan4 tan1 min6 zau2 cung1","麻烦来一碗云吞面，不要葱。","Wonton noodles without spring onion, please.","餐饮进阶","2","初级","125-female.mp3","125-male.mp3","125-sentence-female.mp3","125-sentence-male.mp3"
"126","雞","gai1","鸡；鸡肉","chicken","海南雞飯要少飯，唔該。","hoi2 naam4 gai1 faan6 jiu3 siu2 faan6 m4 goi1","海南鸡饭少饭，谢谢。","Hainanese chicken rice with less rice, please.","餐饮进阶","2","初级","126-female.mp3","126-male.mp3","126-sentence-female.mp3","126-sentence-male.mp3"
"127","豬肉","zyu1 juk6","猪肉","pork","叉燒係香港常見嘅豬肉食品。","caa1 siu1 hai6 hoeng1 gong2 soeng4 gin3 ge3 zyu1 juk6 sik6 ban2","叉烧是香港常见的猪肉食品。","Char siu is a common pork dish in Hong Kong.","餐饮进阶","2","初级","127-female.mp3","127-male.mp3","127-sentence-female.mp3","127-sentence-male.mp3"
"128","魚","jyu4","鱼","fish","街市今日啲魚好新鮮。","gaai1 si5 gam1 jat6 di1 jyu4 hou2 san1 sin1","街市今天的鱼很新鲜。","The fish at the wet market is very fresh today.","餐饮进阶","2","初级","128-female.mp3","128-male.mp3","128-sentence-female.mp3","128-sentence-male.mp3"
"129","甜","tim4","甜","sweet","杯奶茶唔該少甜。","bui1 naai5 caa4 m4 goi1 siu2 tim4","这杯奶茶麻烦少甜。","Please make the milk tea less sweet.","餐饮进阶","2","初级","129-female.mp3","129-male.mp3","129-sentence-female.mp3","129-sentence-male.mp3"
"130","辣","laat6","辣","spicy","避風塘炒蟹有少少辣。","bei6 fung1 tong4 caau2 haai5 jau5 siu2 siu2 laat6","避风塘炒蟹有一点辣。","Typhoon shelter crab is a little spicy.","餐饮进阶","2","初级","130-female.mp3","130-male.mp3","130-sentence-female.mp3","130-sentence-male.mp3"
"131","商場","soeng1 coeng4","商场","shopping mall","港鐵站上面就係商場。","gong2 tit3 zaam6 soeng6 min6 zau6 hai6 soeng1 coeng4","港铁站上面就是商场。","The shopping mall is right above the MTR station.","城市地点","2","初级","131-female.mp3","131-male.mp3","131-sentence-female.mp3","131-sentence-male.mp3"
"132","街市","gaai1 si5","菜市场；街市","wet market","朝早嘅街市特別熱鬧。","ziu1 zou2 ge3 gaai1 si5 dak6 bit6 jit6 naau6","早上的街市特别热闹。","The wet market is especially lively in the morning.","城市地点","2","初级","132-female.mp3","132-male.mp3","132-sentence-female.mp3","132-sentence-male.mp3"
"133","公園","gung1 jyun2","公园","park","維園朝早有好多人做運動。","wai4 jyun2 ziu1 zou2 jau5 hou2 do1 jan4 zou6 wan6 dung6","维园早上有很多人运动。","Many people exercise in Victoria Park in the morning.","城市地点","2","初级","133-female.mp3","133-male.mp3","133-sentence-female.mp3","133-sentence-male.mp3"
"134","學校","hok6 haau6","学校","school","放學時間學校門口好多車。","fong3 hok6 si4 gaan3 hok6 haau6 mun4 hau2 hou2 do1 ce1","放学时间学校门口有很多车。","There are many cars outside the school at dismissal time.","城市地点","2","初级","134-female.mp3","134-male.mp3","134-sentence-female.mp3","134-sentence-male.mp3"
"135","銀行","ngan4 hong4","银行","bank","銀行今日排長龍。","ngan4 hong4 gam1 jat6 paai4 coeng4 lung4","银行今天排起了长队。","There is a long queue at the bank today.","城市地点","2","初级","135-female.mp3","135-male.mp3","135-sentence-female.mp3","135-sentence-male.mp3"
"136","郵局","jau4 guk6","邮局","post office","郵局星期六下晝唔開。","jau4 guk6 sing1 kei4 luk6 haa6 zau3 m4 hoi1","邮局星期六下午不开门。","The post office is closed on Saturday afternoon.","城市地点","2","初级","136-female.mp3","136-male.mp3","136-sentence-female.mp3","136-sentence-male.mp3"
"137","樓","lau4","楼；楼层","building; floor","香港好多樓都起得好高。","hoeng1 gong2 hou2 do1 lau4 dou1 hei2 dak1 hou2 gou1","香港很多楼都建得很高。","Many buildings in Hong Kong are very tall.","城市地点","2","初级","137-female.mp3","137-male.mp3","137-sentence-female.mp3","137-sentence-male.mp3"
"138","地下","dei6 haa2","地面层；地下","ground floor; underground","香港樓層嘅地下即係地面嗰層。","hoeng1 gong2 lau4 cang4 ge3 dei6 haa2 zik1 hai6 dei6 min6 go2 cang4","香港楼层里的“地下”就是地面那一层。","In Hong Kong, ‘ground floor’ means the street-level floor.","城市地点","2","初级","138-female.mp3","138-male.mp3","138-sentence-female.mp3","138-sentence-male.mp3"
"139","樓上","lau4 soeng6","楼上","upstairs","樓上舖通常要搭𨋢先去到。","lau4 soeng6 pou3 tung1 soeng4 jiu3 daap3 lip1 sin1 heoi3 dou2","楼上铺通常要乘电梯才能到。","You usually need a lift to reach an upstairs shop.","城市地点","2","初级","139-female.mp3","139-male.mp3","139-sentence-female.mp3","139-sentence-male.mp3"
"140","對面","deoi3 min6","对面","opposite; across from","茶餐廳就喺巴士站對面。","caa4 caan1 teng1 zau6 hai2 baa1 si2 zaam6 deoi3 min6","茶餐厅就在巴士站对面。","The cha chaan teng is right across from the bus stop.","城市地点","2","初级","140-female.mp3","140-male.mp3","140-sentence-female.mp3","140-sentence-male.mp3"
"141","星期","sing1 kei4","星期","week; weekday","我逢星期三去街市買餸。","ngo5 fung4 sing1 kei4 saam1 heoi3 gaai1 si5 maai5 sung3","我每逢星期三去街市买菜。","I shop at the wet market every Wednesday.","时间安排","2","初级","141-female.mp3","141-male.mp3","141-sentence-female.mp3","141-sentence-male.mp3"
"142","週末","zau1 mut6","周末","weekend","週末行山徑通常好多人。","zau1 mut6 haang4 saan1 ging3 tung1 soeng4 hou2 do1 jan4","周末远足径通常有很多人。","Hiking trails are usually crowded on weekends.","时间安排","2","初级","142-female.mp3","142-male.mp3","142-sentence-female.mp3","142-sentence-male.mp3"
"143","月","jyut6","月；月份","month","香港七月通常又熱又濕。","hoeng1 gong2 cat1 jyut6 tung1 soeng4 jau6 jit6 jau6 sap1","香港七月通常又热又湿。","July in Hong Kong is usually hot and humid.","时间安排","2","初级","143-female.mp3","143-male.mp3","143-sentence-female.mp3","143-sentence-male.mp3"
"144","年","nin4","年","year","我喺香港住咗三年。","ngo5 hai2 hoeng1 gong2 zyu6 zo2 saam1 nin4","我在香港住了三年。","I have lived in Hong Kong for three years.","时间安排","2","初级","144-female.mp3","144-male.mp3","144-sentence-female.mp3","144-sentence-male.mp3"
"145","分鐘","fan1 zung1","分钟","minute","搭港鐵十分鐘就到。","daap3 gong2 tit3 sap6 fan1 zung1 zau6 dou3","乘港铁十分钟就到。","It takes only ten minutes by MTR.","时间安排","2","初级","145-female.mp3","145-male.mp3","145-sentence-female.mp3","145-sentence-male.mp3"
"146","半","bun3","半","half","由旺角行過去大概要半個鐘。","jau4 wong6 gok3 haang4 gwo3 heoi3 daai6 koi3 jiu3 bun3 go3 zung1","从旺角走过去大约要半小时。","It takes about half an hour to walk there from Mong Kok.","时间安排","2","初级","146-female.mp3","146-male.mp3","146-sentence-female.mp3","146-sentence-male.mp3"
"147","早啲","zou2 di1","早一点","earlier","早啲搭車就冇咁迫。","zou2 di1 daap3 ce1 zau6 mou5 gam3 bik1","早点乘车就没那么拥挤。","Public transport is less crowded if you leave earlier.","时间安排","2","初级","147-female.mp3","147-male.mp3","147-sentence-female.mp3","147-sentence-male.mp3"
"148","遲啲","ci4 di1","晚一点；稍后","later","而家塞車，不如遲啲先出發。","ji4 gaa1 sak1 ce1 bat1 jyu4 ci4 di1 sin1 ceot1 faat3","现在堵车，不如晚点再出发。","There is traffic now, so let’s leave later.","时间安排","2","初级","148-female.mp3","148-male.mp3","148-sentence-female.mp3","148-sentence-male.mp3"
"149","準時","zeon2 si4","准时","on time","班船朝早八點準時開。","baan1 syun4 ziu1 zou2 baat3 dim2 zeon2 si4 hoi1","这班船早上八点准时开。","The ferry leaves punctually at eight in the morning.","时间安排","2","初级","149-female.mp3","149-male.mp3","149-sentence-female.mp3","149-sentence-male.mp3"
"150","得閒","dak1 haan4","有空","free; available","得閒去西九行吓。","dak1 haan4 heoi3 sai1 gau2 haang4 haa5","有空去西九走走。","Visit West Kowloon when you have time.","时间安排","2","初级","150-female.mp3","150-male.mp3","150-sentence-female.mp3","150-sentence-male.mp3"
"151","衫","saam1","衣服","clothes; shirt","旺角有好多舖頭賣衫。","wong6 gok3 jau5 hou2 do1 pou3 tau4 maai6 saam1","旺角有很多店铺卖衣服。","Many shops in Mong Kok sell clothes.","衣着外观","2","初级","151-female.mp3","151-male.mp3","151-sentence-female.mp3","151-sentence-male.mp3"
"152","褲","fu3","裤子","trousers","落雨最好着條快乾褲。","lok6 jyu5 zeoi3 hou2 zoek3 tiu4 faai3 gon1 fu3","下雨最好穿快干裤。","Quick-dry trousers are best on rainy days.","衣着外观","2","初级","152-female.mp3","152-male.mp3","152-sentence-female.mp3","152-sentence-male.mp3"
"153","鞋","haai4","鞋","shoes","行山要着對舒服嘅鞋。","haang4 saan1 jiu3 zoek3 deoi3 syu1 fuk6 ge3 haai4","爬山要穿一双舒服的鞋。","Wear comfortable shoes when hiking.","衣着外观","2","初级","153-female.mp3","153-male.mp3","153-sentence-female.mp3","153-sentence-male.mp3"
"154","帽","mou2","帽子","hat","今日太曬，記得戴帽。","gam1 jat6 taai3 saai3 gei3 dak1 daai3 mou2","今天阳光太强，记得戴帽子。","It is very sunny, so remember your hat.","衣着外观","2","初级","154-female.mp3","154-male.mp3","154-sentence-female.mp3","154-sentence-male.mp3"
"155","紅","hung4","红色","red","紅色小巴車頂係紅色。","hung4 sik1 siu2 baa1 ce1 deng2 hai6 hung4 sik1","红色小巴的车顶是红色的。","A red minibus has a red roof.","衣着外观","2","初级","155-female.mp3","155-male.mp3","155-sentence-female.mp3","155-sentence-male.mp3"
"156","藍","laam4","蓝色","blue","藍色港鐵線喺地圖上好易認。","laam4 sik1 gong2 tit3 sin3 hai2 dei6 tou4 soeng6 hou2 ji6 jing6","地图上的蓝色港铁线很好认。","The blue MTR line is easy to spot on the map.","衣着外观","2","初级","156-female.mp3","156-male.mp3","156-sentence-female.mp3","156-sentence-male.mp3"
"157","黑","hak1","黑色","black","黑雨警告嗰陣最好留喺室內。","hak1 jyu5 ging2 gou3 go2 zan6 zeoi3 hou2 lau4 hai2 sat1 noi6","黑色暴雨警告时最好留在室内。","Stay indoors during a black rainstorm warning.","衣着外观","2","初级","157-female.mp3","157-male.mp3","157-sentence-female.mp3","157-sentence-male.mp3"
"158","白","baak6","白色","white","茶餐廳侍應通常着白色恤衫。","caa4 caan1 teng1 si6 jing3 tung1 soeng4 zoek3 baak6 sik1 seot1 saam1","茶餐厅服务员通常穿白衬衫。","Cha chaan teng waiters often wear white shirts.","衣着外观","2","初级","158-female.mp3","158-male.mp3","158-sentence-female.mp3","158-sentence-male.mp3"
"159","靚","leng3","漂亮；好看","pretty; nice","維港夜景真係好靚。","wai4 gong2 je6 ging2 zan1 hai6 hou2 leng3","维港夜景真的很漂亮。","Victoria Harbour looks beautiful at night.","衣着外观","2","初级","159-female.mp3","159-male.mp3","159-sentence-female.mp3","159-sentence-male.mp3"
"160","新","san1","新的","new","間新商場喺港鐵站隔離。","gaan1 san1 soeng1 coeng4 hai2 gong2 tit3 zaam6 gaak3 lei4","新商场在港铁站旁边。","The new mall is next to the MTR station.","衣着外观","2","初级","160-female.mp3","160-male.mp3","160-sentence-female.mp3","160-sentence-male.mp3"
"161","電話","din6 waa2","电话","telephone","港鐵入面有時收唔到電話。","gong2 tit3 jap6 min6 jau5 si4 sau1 m4 dou2 din6 waa2","港铁里有时接不到电话。","Phone reception sometimes drops on the MTR.","科技通讯","2","初级","161-female.mp3","161-male.mp3","161-sentence-female.mp3","161-sentence-male.mp3"
"162","手機","sau2 gei1","手机","mobile phone","搭車可以用手機嘟八達通。","daap3 ce1 ho2 ji5 jung6 sau2 gei1 dou1 baat3 daat6 tung1","乘车可以用手机刷八达通。","You can tap a mobile Octopus when travelling.","科技通讯","2","初级","162-female.mp3","162-male.mp3","162-sentence-female.mp3","162-sentence-male.mp3"
"163","電腦","din6 nou5","电脑","computer","圖書館有電腦可以借用。","tou4 syu1 gun2 jau5 din6 nou5 ho2 ji5 ze3 jung6","图书馆有电脑可以借用。","Computers are available at the library.","科技通讯","2","初级","163-female.mp3","163-male.mp3","163-sentence-female.mp3","163-sentence-male.mp3"
"164","上網","soeng5 mong5","上网","go online","部分港鐵站有免費Wi-Fi上網。","bou6 fan6 gong2 tit3 zaam6 jau5 min5 fai3 wai1 faai1 soeng5 mong5","部分港铁站有免费Wi‑Fi上网。","Some MTR stations offer free Wi-Fi.","科技通讯","2","初级","164-female.mp3","164-male.mp3","164-sentence-female.mp3","164-sentence-male.mp3"
"165","充電","cung1 din6","充电","charge","機場有位畀旅客充電。","gei1 coeng4 jau5 wai2 bei2 leoi5 haak3 cung1 din6","机场有地方供旅客充电。","The airport has charging points for travellers.","科技通讯","2","初级","165-female.mp3","165-male.mp3","165-sentence-female.mp3","165-sentence-male.mp3"
"166","密碼","mat6 maa5","密码","password","免費Wi-Fi嘅密碼寫喺收據度。","min5 fai3 wai1 faai1 ge3 mat6 maa5 se2 hai2 sau1 geoi3 dou6","免费 Wi‑Fi 的密码写在收据上。","The free Wi-Fi password is on the receipt.","科技通讯","2","初级","166-female.mp3","166-male.mp3","166-sentence-female.mp3","166-sentence-male.mp3"
"167","相","soeng2","照片","photo","維港夜景好多人影相。","wai4 gong2 je6 ging2 hou2 do1 jan4 jing2 soeng2","很多人拍摄维港夜景。","Many people photograph Victoria Harbour at night.","科技通讯","2","初级","167-female.mp3","167-male.mp3","167-sentence-female.mp3","167-sentence-male.mp3"
"168","影片","jing2 pin2","视频；影片","video","呢條影片介紹香港街市。","ni1 tiu4 jing2 pin2 gaai3 siu6 hoeng1 gong2 gaai1 si5","这段视频介绍香港街市。","This video introduces Hong Kong wet markets.","科技通讯","2","初级","168-female.mp3","168-male.mp3","168-sentence-female.mp3","168-sentence-male.mp3"
"169","訊息","seon3 sik1","消息；讯息","message","天文台發出最新天氣訊息。","tin1 man4 toi4 faat3 ceot1 zeoi3 san1 tin1 hei3 seon3 sik1","天文台发布最新天气消息。","The Observatory issued the latest weather update.","科技通讯","2","初级","169-female.mp3","169-male.mp3","169-sentence-female.mp3","169-sentence-male.mp3"
"170","下載","haa6 zoi3","下载","download","出發前記得下載離線地圖。","ceot1 faat3 cin4 gei3 dak1 haa6 zoi3 lei4 sin3 dei6 tou4","出发前记得下载离线地图。","Download an offline map before setting off.","科技通讯","2","初级","170-female.mp3","170-male.mp3","170-sentence-female.mp3","170-sentence-male.mp3"
"171","酒店","zau2 dim3","酒店","hotel","間酒店近尖沙咀海旁。","gaan1 zau2 dim3 kan5 zim1 saa1 zeoi2 hoi2 pong4","酒店靠近尖沙咀海旁。","The hotel is near the Tsim Sha Tsui waterfront.","旅游住宿","2","初级","171-female.mp3","171-male.mp3","171-sentence-female.mp3","171-sentence-male.mp3"
"172","房間","fong4 gaan1","房间","room","房間望到維港。","fong4 gaan1 mong6 dou2 wai4 gong2","房间可以看到维港。","The room overlooks Victoria Harbour.","旅游住宿","2","初级","172-female.mp3","172-male.mp3","172-sentence-female.mp3","172-sentence-male.mp3"
"173","訂房","deng6 fong4","订房","book a room","假期去離島最好早啲訂房。","gaa3 kei4 heoi3 lei4 dou2 zeoi3 hou2 zou2 di1 deng6 fong4","假期去离岛最好早点订房。","Book early for an island stay during holidays.","旅游住宿","2","初级","173-female.mp3","173-male.mp3","173-sentence-female.mp3","173-sentence-male.mp3"
"174","護照","wu6 ziu3","护照","passport","過關之前要準備好護照。","gwo3 gwaan1 zi1 cin4 jiu3 zeon2 bei6 hou2 wu6 ziu3","过关前要准备好护照。","Have your passport ready before immigration.","旅游住宿","2","初级","174-female.mp3","174-male.mp3","174-sentence-female.mp3","174-sentence-male.mp3"
"175","行李","hang4 lei5","行李","luggage","機場快綫有位放行李。","gei1 coeng4 faai3 sin3 jau5 wai2 fong3 hang4 lei5","机场快线有地方放行李。","The Airport Express has luggage space.","旅游住宿","2","初级","175-female.mp3","175-male.mp3","175-sentence-female.mp3","175-sentence-male.mp3"
"176","機場","gei1 coeng4","机场","airport","由中環去機場可以搭機場快綫。","jau4 zung1 waan4 heoi3 gei1 coeng4 ho2 ji5 daap3 gei1 coeng4 faai3 sin3","从中环去机场可以乘机场快线。","You can take the Airport Express from Central.","旅游住宿","2","初级","176-female.mp3","176-male.mp3","176-sentence-female.mp3","176-sentence-male.mp3"
"177","飛機","fei1 gei1","飞机","airplane","架飛機喺赤鱲角降落。","gaa3 fei1 gei1 hai2 cek3 laap6 gok3 gong3 lok6","飞机在赤鱲角降落。","The plane is landing at Chek Lap Kok.","旅游住宿","2","初级","177-female.mp3","177-male.mp3","177-sentence-female.mp3","177-sentence-male.mp3"
"178","地圖","dei6 tou4","地图","map","港鐵地圖用顏色分開路綫。","gong2 tit3 dei6 tou4 jung6 ngaan4 sik1 fan1 hoi1 lou6 sin3","港铁地图用颜色区分线路。","The MTR map separates lines by colour.","旅游住宿","2","初级","178-female.mp3","178-male.mp3","178-sentence-female.mp3","178-sentence-male.mp3"
"179","旅遊","leoi5 jau4","旅游","travel","秋天幾適合去香港旅遊。","cau1 tin1 gei2 sik1 hap6 heoi3 hoeng1 gong2 leoi5 jau4","秋天很适合去香港旅游。","Autumn is a good time to visit Hong Kong.","旅游住宿","2","初级","179-female.mp3","179-male.mp3","179-sentence-female.mp3","179-sentence-male.mp3"
"180","入口","jap6 hau2","入口","entrance","港鐵入口通常有英文字母。","gong2 tit3 jap6 hau2 tung1 soeng4 jau5 jing1 man4 zi6 mou5","港铁入口通常标有英文字母。","MTR entrances are usually marked with letters.","旅游住宿","2","初级","180-female.mp3","180-male.mp3","180-sentence-female.mp3","180-sentence-male.mp3"
"181","太陽","taai3 joeng4","太阳","sun","香港夏天太陽好曬。","hoeng1 gong2 haa6 tin1 taai3 joeng4 hou2 saai3","香港夏天阳光很晒。","The summer sun is strong in Hong Kong.","自然环境","2","初级","181-female.mp3","181-male.mp3","181-sentence-female.mp3","181-sentence-male.mp3"
"182","風","fung1","风","wind","八號風球嗰陣唔好去海旁。","baat3 hou6 fung1 kau4 go2 zan6 m4 hou2 heoi3 hoi2 pong4","八号风球时不要去海旁。","Do not go to the waterfront during a No. 8 typhoon signal.","自然环境","2","初级","182-female.mp3","182-male.mp3","182-sentence-female.mp3","182-sentence-male.mp3"
"183","雲","wan4","云","cloud","山頂俾啲雲遮住咗。","saan1 deng2 bei2 di1 wan4 ze1 zyu6 zo2","山顶被云遮住了。","The mountaintop is hidden by clouds.","自然环境","2","初级","183-female.mp3","183-male.mp3","183-sentence-female.mp3","183-sentence-male.mp3"
"184","天空","tin1 hung1","天空","sky","維港上面嘅天空好清。","wai4 gong2 soeng6 min6 ge3 tin1 hung1 hou2 cing1","维港上空很晴朗。","The sky above Victoria Harbour is clear.","自然环境","2","初级","184-female.mp3","184-male.mp3","184-sentence-female.mp3","184-sentence-male.mp3"
"185","山","saan1","山","mountain","香港有好多行山路線。","hoeng1 gong2 jau5 hou2 do1 haang4 saan1 lou6 sin3","香港有很多远足路线。","Hong Kong has many hiking trails.","自然环境","2","初级","185-female.mp3","185-male.mp3","185-sentence-female.mp3","185-sentence-male.mp3"
"186","海","hoi2","海","sea","西貢有山又有海。","sai1 gung3 jau5 saan1 jau6 jau5 hoi2","西贡有山也有海。","Sai Kung has both mountains and sea.","自然环境","2","初级","186-female.mp3","186-male.mp3","186-sentence-female.mp3","186-sentence-male.mp3"
"187","河","ho4","河","river","城門河兩邊有單車徑。","sing4 mun4 ho4 loeng5 bin1 jau5 daan1 ce1 ging3","城门河两边有自行车道。","There are cycle tracks along both sides of Shing Mun River.","自然环境","2","初级","187-female.mp3","187-male.mp3","187-sentence-female.mp3","187-sentence-male.mp3"
"188","樹","syu6","树","tree","大榕樹下面好涼爽。","daai6 jung4 syu6 haa6 min6 hou2 loeng4 song2","大榕树下面很凉快。","It is cool beneath the big banyan tree.","自然环境","2","初级","188-female.mp3","188-male.mp3","188-sentence-female.mp3","188-sentence-male.mp3"
"189","花","faa1","花","flower","花墟新年前好多人買花。","faa1 heoi1 san1 nin4 cin4 hou2 do1 jan4 maai5 faa1","新年前很多人到花墟买花。","Many people buy flowers at the Flower Market before Lunar New Year.","自然环境","2","初级","189-female.mp3","189-male.mp3","189-sentence-female.mp3","189-sentence-male.mp3"
"190","空氣","hung1 hei3","空气","air","落完雨之後空氣舒服好多。","lok6 jyun4 jyu5 zi1 hau6 hung1 hei3 syu1 fuk6 hou2 do1","下雨后空气舒服多了。","The air feels much better after the rain.","自然环境","2","初级","190-female.mp3","190-male.mp3","190-sentence-female.mp3","190-sentence-male.mp3"
"191","嬲","nau1","生气","angry","等車等咁耐，真係幾嬲。","dang2 ce1 dang2 gam3 noi6 zan1 hai6 gei2 nau1","等车等这么久，真的挺生气。","Waiting so long for the bus is frustrating.","情绪观点","2","初级","191-female.mp3","191-male.mp3","191-sentence-female.mp3","191-sentence-male.mp3"
"192","緊張","gan2 zoeng1","紧张","nervous","第一次用粵語點餐有少少緊張。","dai6 jat1 ci3 jung6 jyut6 jyu5 dim2 caan1 jau5 siu2 siu2 gan2 zoeng1","第一次用粤语点餐有点紧张。","Ordering in Cantonese for the first time is a little nerve-racking.","情绪观点","2","初级","192-female.mp3","192-male.mp3","192-sentence-female.mp3","192-sentence-male.mp3"
"193","放心","fong3 sam1","放心","feel relieved","港鐵仲有尾班車，可以放心。","gong2 tit3 zung6 jau5 mei5 baan1 ce1 ho2 ji5 fong3 sam1","港铁还有末班车，可以放心。","There is still a last MTR train, so you can relax.","情绪观点","2","初级","193-female.mp3","193-male.mp3","193-sentence-female.mp3","193-sentence-male.mp3"
"194","無聊","mou4 liu4","无聊","boring; bored","落雨留喺屋企，我覺得有啲無聊。","lok6 jyu5 lau4 hai2 uk1 kei2 ngo5 gok3 dak1 jau5 di1 mou4 liu4","下雨留在家里，我觉得有点无聊。","Staying home on a rainy day feels a little boring.","情绪观点","2","初级","194-female.mp3","194-male.mp3","194-sentence-female.mp3","194-sentence-male.mp3"
"195","有趣","jau5 ceoi3","有趣","interesting","行街市可以見到好多有趣嘅食材。","haang4 gaai1 si5 ho2 ji5 gin3 dou2 hou2 do1 jau5 ceoi3 ge3 sik6 coi4","逛街市可以看到很多有趣的食材。","You can find many interesting ingredients at a wet market.","情绪观点","2","初级","195-female.mp3","195-male.mp3","195-sentence-female.mp3","195-sentence-male.mp3"
"196","好笑","hou2 siu3","好笑；有趣","funny","套港產喜劇有啲對白好好笑。","tou3 gong2 caan2 hei2 kek6 jau5 di1 deoi3 baak6 hou2 hou2 siu3","这部港产喜剧有些对白很好笑。","Some lines in the Hong Kong comedy are hilarious.","情绪观点","2","初级","196-female.mp3","196-male.mp3","196-sentence-female.mp3","196-sentence-male.mp3"
"197","奇怪","kei4 gwaai3","奇怪","strange","今日港鐵咁少人，有啲奇怪。","gam1 jat6 gong2 tit3 gam3 siu2 jan4 jau5 di1 kei4 gwaai3","今天港铁人这么少，有点奇怪。","It is strange that the MTR is so quiet today.","情绪观点","2","初级","197-female.mp3","197-male.mp3","197-sentence-female.mp3","197-sentence-male.mp3"
"198","重要","zung6 jiu3","重要","important","落雨行山，安全最重要。","lok6 jyu5 haang4 saan1 on1 cyun4 zeoi3 zung6 jiu3","下雨时爬山，安全最重要。","Safety matters most when hiking in the rain.","情绪观点","2","初级","198-female.mp3","198-male.mp3","198-sentence-female.mp3","198-sentence-male.mp3"
"199","容易","jung4 ji6","容易","easy","用八達通搭車好容易。","jung6 baat3 daat6 tung1 daap3 ce1 hou2 jung4 ji6","用八达通乘车很方便容易。","Using an Octopus card for transport is easy.","情绪观点","2","初级","199-female.mp3","199-male.mp3","199-sentence-female.mp3","199-sentence-male.mp3"
"200","難","naan4","难","difficult","繁忙時間喺中環搵位食飯幾難。","faan4 mong4 si4 gaan3 hai2 zung1 waan4 wan2 wai2 sik6 faan6 gei2 naan4","繁忙时间在中环找座位吃饭挺难。","Finding a seat for lunch in Central at peak time is difficult.","情绪观点","2","初级","200-female.mp3","200-male.mp3","200-sentence-female.mp3","200-sentence-male.mp3"
"201","約","joek3","约见；约定","arrange to meet","我哋約喺銅鑼灣港鐵站等。","ngo5 dei6 joek3 hai2 tung4 lo4 waan1 gong2 tit3 zaam6 dang2","我们约在铜锣湾港铁站等。","We agreed to meet at Causeway Bay MTR station.","社交活动","2","初级","201-female.mp3","201-male.mp3","201-sentence-female.mp3","201-sentence-male.mp3"
"202","見面","gin3 min6","见面","meet","一陣喺茶餐廳門口見面。","jat1 zan6 hai2 caa4 caan1 teng1 mun4 hau2 gin3 min6","一会儿在茶餐厅门口见面。","Let’s meet outside the cha chaan teng later.","社交活动","2","初级","202-female.mp3","202-male.mp3","202-sentence-female.mp3","202-sentence-male.mp3"
"203","打電話","daa2 din6 waa2","打电话","make a phone call","港鐵入面太嘈，我遲啲先打電話。","gong2 tit3 jap6 min6 taai3 cou4 ngo5 ci4 di1 sin1 daa2 din6 waa2","港铁里太吵，我晚点再打电话。","The MTR is too noisy, so I will call later.","社交活动","2","初级","203-female.mp3","203-male.mp3","203-sentence-female.mp3","203-sentence-male.mp3"
"204","傾偈","king1 gai2","聊天","chat","香港人飲茶鍾意一路食一路傾偈。","hoeng1 gong2 jan4 jam2 caa4 zung1 ji3 jat1 lou6 sik6 jat1 lou6 king1 gai2","香港人喝早茶时喜欢边吃边聊。","Hong Kong people like chatting while having dim sum.","社交活动","2","初级","204-female.mp3","204-male.mp3","204-sentence-female.mp3","204-sentence-male.mp3"
"205","介紹","gaai3 siu6","介绍","introduce","朋友介紹咗一間地道茶餐廳畀我。","pang4 jau5 gaai3 siu6 zo2 jat1 gaan1 dei6 dou6 caa4 caan1 teng1 bei2 ngo5","朋友给我介绍了一家地道茶餐厅。","A friend recommended an authentic cha chaan teng to me.","社交活动","2","初级","205-female.mp3","205-male.mp3","205-sentence-female.mp3","205-sentence-male.mp3"
"206","請客","ceng2 haak3","请客","treat someone","佢升職，所以請我哋飲茶。","keoi5 sing1 zik1 so2 ji5 ceng2 ngo5 dei6 jam2 caa4","他升职了，所以请我们喝早茶。","He got promoted, so he treated us to dim sum.","社交活动","2","初级","206-female.mp3","206-male.mp3","206-sentence-female.mp3","206-sentence-male.mp3"
"207","生日","saang1 jat6","生日","birthday","佢生日想去海旁睇夜景。","keoi5 saang1 jat6 soeng2 heoi3 hoi2 pong4 tai2 je6 ging2","他生日想去海旁看夜景。","He wants to see the harbour at night for his birthday.","社交活动","2","初级","207-female.mp3","207-male.mp3","207-sentence-female.mp3","207-sentence-male.mp3"
"208","禮物","lai5 mat6","礼物","gift","我喺旺角買咗份香港特色禮物。","ngo5 hai2 wong6 gok3 maai5 zo2 fan6 hoeng1 gong2 dak6 sik1 lai5 mat6","我在旺角买了一份香港特色礼物。","I bought a Hong Kong-themed gift in Mong Kok.","社交活动","2","初级","208-female.mp3","208-male.mp3","208-sentence-female.mp3","208-sentence-male.mp3"
"209","派對","paai3 deoi3","派对","party","我哋喺天台搞咗個小型派對。","ngo5 dei6 hai2 tin1 toi4 gaau2 zo2 go3 siu2 jing4 paai3 deoi3","我们在天台办了一个小型派对。","We held a small party on the rooftop.","社交活动","2","初级","209-female.mp3","209-male.mp3","209-sentence-female.mp3","209-sentence-male.mp3"
"210","一齊","jat1 cai4","一起","together","放工後一齊搭港鐵返屋企。","fong3 gung1 hau6 jat1 cai4 daap3 gong2 tit3 faan1 uk1 kei2","下班后一起乘港铁回家。","Let’s take the MTR home together after work.","社交活动","2","初级","210-female.mp3","210-male.mp3","210-sentence-female.mp3","210-sentence-male.mp3"
"211","茶餐廳","caa4 caan1 teng1","茶餐厅","Hong Kong-style café","茶餐廳餐牌有好多港式食品。","caa4 caan1 teng1 caan1 paai2 jau5 hou2 do1 gong2 sik1 sik6 ban2","茶餐厅菜单上有很多港式食品。","A cha chaan teng menu has many Hong Kong-style dishes.","香港在地用语","2","初级","211-female.mp3","211-male.mp3","211-sentence-female.mp3","211-sentence-male.mp3"
"212","飲茶","jam2 caa4","喝早茶；吃点心","have dim sum","香港人飲茶會叫幾籠點心。","hoeng1 gong2 jan4 jam2 caa4 wui5 giu3 gei2 lung4 dim2 sam1","香港人喝早茶会点几笼点心。","Hong Kong diners order baskets of dim sum with tea.","香港在地用语","2","初级","212-female.mp3","212-male.mp3","212-sentence-female.mp3","212-sentence-male.mp3"
"213","搭枱","daap3 toi2","拼桌","share a table","茶餐廳侍應問我搭枱得唔得。","caa4 caan1 teng1 si6 jing3 man6 ngo5 daap3 toi2 dak1 m4 dak1","茶餐厅服务员问我能不能拼桌。","The waiter asked whether I could share a table.","香港在地用语","2","初级","213-female.mp3","213-male.mp3","213-sentence-female.mp3","213-sentence-male.mp3"
"214","加底","gaa1 dai2","加饭或加面","add extra rice or noodles","茶餐廳加底通常要加錢。","caa4 caan1 teng1 gaa1 dai2 tung1 soeng4 jiu3 gaa1 cin2","茶餐厅加底通常要加钱。","An extra portion usually costs more at a cha chaan teng.","香港在地用语","2","初级","214-female.mp3","214-male.mp3","214-sentence-female.mp3","214-sentence-male.mp3"
"215","走甜","zau2 tim4","不加糖","no sugar","茶餐廳講走甜即係唔加糖。","caa4 caan1 teng1 gong2 zau2 tim4 zik1 hai6 m4 gaa1 tong4","茶餐厅说走甜就是不加糖。","At a cha chaan teng, zau2 tim4 means no sugar.","香港在地用语","2","初级","215-female.mp3","215-male.mp3","215-sentence-female.mp3","215-sentence-male.mp3"
"216","凍飲","dung3 jam2","冷饮","cold drink","茶餐廳凍飲有時要加兩蚊。","caa4 caan1 teng1 dung3 jam2 jau5 si4 jiu3 gaa1 loeng5 man1","茶餐厅冷饮有时要加两元。","Cold drinks sometimes cost two dollars extra at a cha chaan teng.","香港在地用语","2","初级","216-female.mp3","216-male.mp3","216-sentence-female.mp3","216-sentence-male.mp3"
"217","八達通","baat3 daat6 tung1","八达通卡","Octopus card","搭港鐵同巴士都可以用八達通。","daap3 gong2 tit3 tung4 baa1 si2 dou1 ho2 ji5 jung6 baat3 daat6 tung1","乘港铁和巴士都可以用八达通。","You can use an Octopus card on the MTR and buses.","香港在地用语","2","初级","217-female.mp3","217-male.mp3","217-sentence-female.mp3","217-sentence-male.mp3"
"218","過海","gwo3 hoi2","过维多利亚港","cross the harbour","過海可以搭港鐵、巴士或者天星小輪。","gwo3 hoi2 ho2 ji5 daap3 gong2 tit3 baa1 si2 waak6 ze2 tin1 sing1 siu2 leon4","过海可以乘港铁、巴士或天星小轮。","You can cross the harbour by MTR, bus, or Star Ferry.","香港在地用语","2","初级","218-female.mp3","218-male.mp3","218-sentence-female.mp3","218-sentence-male.mp3"
"219","塞車","sak1 ce1","堵车","traffic jam","紅隧繁忙時間成日塞車。","hung4 seoi6 faan4 mong4 si4 gaan3 seng4 jat6 sak1 ce1","红隧繁忙时间经常堵车。","The Cross-Harbour Tunnel is often congested at peak times.","香港在地用语","2","初级","219-female.mp3","219-male.mp3","219-sentence-female.mp3","219-sentence-male.mp3"
"220","收工","sau1 gung1","下班；收工","finish work","香港人收工後鍾意約朋友食飯。","hoeng1 gong2 jan4 sau1 gung1 hau6 zung1 ji3 joek3 pang4 jau5 sik6 faan6","香港人下班后喜欢约朋友吃饭。","Hong Kong people like meeting friends for dinner after work.","香港在地用语","2","初级","220-female.mp3","220-male.mp3","220-sentence-female.mp3","220-sentence-male.mp3"
